INSERT INTO GROUP_ADMINS (GA_ID, NAME) VALUES (1, 'GA1');
INSERT INTO GROUP_ADMINS (GA_ID, NAME) VALUES (2, 'GA2');
INSERT INTO GROUP_ADMINS (GA_ID, NAME) VALUES (3, 'GA3');

INSERT INTO GROUPS (GROUP_ID, NAME, ADMIN_NAME) VALUES (1, 'G1', 'GA1');
INSERT INTO GROUPS (GROUP_ID, NAME, ADMIN_NAME) VALUES (2, 'G2', 'GA2');
INSERT INTO GROUPS (GROUP_ID, NAME, ADMIN_NAME) VALUES (3, 'G3', 'GA3');

INSERT INTO USERS (USER_ID, NAME, TYPE_STR, TYPE_ORD, CREATED_BY, CREATED_AT) VALUES (1, 'U1', 'ADMIN', 0, 'ADMIN', now());
INSERT INTO USERS (USER_ID, NAME, TYPE_STR, TYPE_ORD, CREATED_BY, CREATED_AT) VALUES (2, 'U2', 'CLIENT', 1, 'ADMIN', now());
INSERT INTO USERS (USER_ID, NAME, TYPE_STR, TYPE_ORD, CREATED_BY, CREATED_AT) VALUES (3, 'U3', 'CLIENT', 1, 'ADMIN', now());

INSERT INTO USERS_GROUPS (GROUP_ID, USER_ID) VALUES (1, 2);
INSERT INTO USERS_GROUPS (GROUP_ID, USER_ID) VALUES (2, 3);
INSERT INTO USERS_GROUPS (GROUP_ID, USER_ID) VALUES (3, 1);

INSERT INTO ORDERS (ORDER_ID, USER_ID) VALUES (1, 1);
INSERT INTO ORDERS (ORDER_ID, USER_ID) VALUES (2, 2);
INSERT INTO ORDERS (ORDER_ID, USER_ID) VALUES (3, 3);

INSERT INTO BOOKS (BOOK_ID, NAME, DESC, PRICE) VALUES (1, 'B1', 'Very long Book description 1', 11.11);
INSERT INTO BOOKS (BOOK_ID, NAME, DESC, PRICE) VALUES (2, 'B2', 'Very long Book description 2', 22.22);
INSERT INTO BOOKS (BOOK_ID, NAME, DESC, PRICE) VALUES (3, 'B3', 'Very long Book description 3', 33.33);
INSERT INTO BOOKS (BOOK_ID, NAME, DESC, PRICE) VALUES (4, 'B4', 'Very long Book description 4', 44.44);
INSERT INTO BOOKS (BOOK_ID, NAME, DESC, PRICE) VALUES (5, 'B5', 'Very long Book description 5', 55.55);
INSERT INTO BOOKS (BOOK_ID, NAME, DESC, PRICE) VALUES (6, 'B6', 'Very long Book description 6', 66.66);
INSERT INTO BOOKS (BOOK_ID, NAME, DESC, PRICE) VALUES (7, 'B7', 'Very long Book description 7', 77.77);
INSERT INTO BOOKS (BOOK_ID, NAME, DESC, PRICE) VALUES (8, 'B8', 'Very long Book description 8', 88.88);
INSERT INTO BOOKS (BOOK_ID, NAME, DESC, PRICE) VALUES (9, 'B9', 'Very long Book description 9', 99.99);

INSERT INTO ORDER_ITEMS (ORDER_ITEM_ID, BOOK_ID, ORDER_ID, QTY) VALUES (1, 1, 1, 1);
INSERT INTO ORDER_ITEMS (ORDER_ITEM_ID, BOOK_ID, ORDER_ID, QTY) VALUES (2, 2, 1, 2);
INSERT INTO ORDER_ITEMS (ORDER_ITEM_ID, BOOK_ID, ORDER_ID, QTY) VALUES (3, 5, 1, 5);

INSERT INTO ORDER_ITEMS (ORDER_ITEM_ID, BOOK_ID, ORDER_ID, QTY) VALUES (4, 1, 2, 1);
INSERT INTO ORDER_ITEMS (ORDER_ITEM_ID, BOOK_ID, ORDER_ID, QTY) VALUES (5, 3, 2, 3);
INSERT INTO ORDER_ITEMS (ORDER_ITEM_ID, BOOK_ID, ORDER_ID, QTY) VALUES (6, 7, 2, 7);
INSERT INTO ORDER_ITEMS (ORDER_ITEM_ID, BOOK_ID, ORDER_ID, QTY) VALUES (7, 9, 2, 9);
INSERT INTO ORDER_ITEMS (ORDER_ITEM_ID, BOOK_ID, ORDER_ID, QTY) VALUES (8, 5, 2, 5);

INSERT INTO ORDER_ITEMS (ORDER_ITEM_ID, BOOK_ID, ORDER_ID, QTY) VALUES (9, 8, 3, 8);
INSERT INTO ORDER_ITEMS (ORDER_ITEM_ID, BOOK_ID, ORDER_ID, QTY) VALUES (10, 5, 3, 5);

INSERT INTO COMPOSITE_PK (ID_1,ID_2,DESC) values(1,'s1','pkd1');
INSERT INTO COMPOSITE_PK (ID_1,ID_2,DESC) values(2,'s2','pkd2');
INSERT INTO COMPOSITE_PK (ID_1,ID_2,DESC) values(2,'s3','pkd3');

INSERT INTO SINGULAR_PK (ID_1,ID_2,DESC) values(1,'s1','pkd1');
INSERT INTO SINGULAR_PK (ID_1,ID_2,DESC) values(2,'s2','pkd2');
INSERT INTO SINGULAR_PK (ID_1,ID_2,DESC) values(3,'s3','pkd3');

INSERT INTO COMPOSITE_FK (ID, CPK_ID_1,CPK_ID_2,SPK_ID_1,SPK_ID_2,DESC) values(1, 1,'s1', 1,'s1','fkd1');
INSERT INTO COMPOSITE_FK (ID, CPK_ID_1,CPK_ID_2,SPK_ID_1,SPK_ID_2,DESC) values(2, 2,'s2', 2,'s2','fkd2');
INSERT INTO COMPOSITE_FK (ID, CPK_ID_1,CPK_ID_2,SPK_ID_1,SPK_ID_2,DESC) values(3, 2,'s3', 3,'s3','fkd3');